{
  "name": "ancientlandmarks:landmarks",
  "fallback": "minecraft:empty",
  "elements": [
    {
      "weight": 2,
      "element": {
        "element_type": "minecraft:single_pool_element",
        "projection": "rigid",
        "location": "ancientlandmarks:ancient_landmark/landmarks/statue",
        "processors": "ancientlandmarks:landmark_degradation"
      }
    },
    {
      "weight": 2,
      "element": {
        "element_type": "minecraft:single_pool_element",
        "projection": "rigid",
        "location": "ancientlandmarks:ancient_landmark/landmarks/altar",
        "processors": "ancientlandmarks:landmark_degradation"
      }
    },
    {
      "weight": 2,
      "element": {
        "element_type": "minecraft:single_pool_element",
        "projection": "rigid",
        "location": "ancientlandmarks:ancient_landmark/landmarks/pillar",
        "processors": "ancientlandmarks:landmark_degradation"
      }
    },
    {
      "weight": 2,
      "element": {
        "element_type": "minecraft:single_pool_element",
        "projection": "rigid",
        "location": "ancientlandmarks:ancient_landmark/landmarks/chamber",
        "processors": "ancientlandmarks:landmark_degradation"
      }
    },
    {
      "weight": 2,
      "element": {
        "element_type": "minecraft:single_pool_element",
        "projection": "rigid",
        "location": "ancientlandmarks:ancient_landmark/landmarks/camp",
        "processors": "ancientlandmarks:landmark_degradation"
      }
    },
    {
      "weight": 1,
      "element": {
        "element_type": "minecraft:single_pool_element",
        "projection": "rigid",
        "location": "ancientlandmarks:ancient_landmark/landmarks/large_statue",
        "processors": "ancientlandmarks:landmark_degradation"
      }
    },
    {
      "weight": 1,
      "element": {
        "element_type": "minecraft:single_pool_element",
        "projection": "rigid",
        "location": "ancientlandmarks:ancient_landmark/landmarks/pyramid",
        "processors": "ancientlandmarks:landmark_degradation"
      }
    }
  ]
}
